sample;translated_label;patient;patient.replicate;global_type;type;replicate;global_order;type.order;patient_order
[smc] Normal;Single cell: [smc] Normal;1;1;organoids;O_min;1;1;0;0
[smc] Tumor;Single cell: [smc] Tumor;1;1;organoids;O_min;1;2;0;0
Border;Single cell: Border;1;1;organoids;O_min;1;1;0;0
Normal;Single cell: Normal;1;1;organoids;O_min;1;2;0;0
Tumor;Single cell: Tumor;1;1;organoids;O_min;1;3;0;0
[Qian] Normal;Single cell: [Qian] Normal;1;1;organoids;O_min;1;1;0;0
[Qian] Tumor;Single cell: [Qian] Tumor;1;1;organoids;O_min;1;2;0;0
Pat1_1_control_rep1_exp;P1_1_O_min_r1;1;1;organoids;O_min;1;4;1;1
Pat2_1_control_rep2_exp;P2_1_O_min_r2;2;1;organoids;O_min;2;5;1;4
Pat3_1_control_rep3_exp;P3_1_O_min_r3;3;1;organoids;O_min;3;6;1;7
Pat1_2_control_rep4_exp;P1_2_O_min_r4;1;2;organoids;O_min;4;7;1;2
Pat2_2_control_rep5_exp;P2_2_O_min_r5;2;2;organoids;O_min;5;8;1;5
Pat3_2_control_rep6_exp;P3_2_O_min_r6;3;2;organoids;O_min;6;9;1;8
Pat1_3_control_rep7_exp;P1_3_O_min_r7;1;3;organoids;O_min;7;10;1;3
Pat2_3_control_rep8_exp;P2_3_O_min_r8;2;3;organoids;O_min;8;11;1;6
Pat3_3_control_rep9_exp;P3_3_O_min_r9;3;3;organoids;O_min;9;12;1;9
Pat1_1_ENAS_rep1_exp;P1_1_O_enas_r1;1;1;organoids;O_enas;1;13;2;1
Pat2_1_ENAS_rep2_exp;P2_1_O_enas_r2;2;1;organoids;O_enas;2;14;2;4
Pat3_1_ENAS_rep3_exp;P3_1_O_enas_r3;3;1;organoids;O_enas;3;15;2;7
Pat1_2_ENAS_rep4_exp;P1_2_O_enas_r4;1;2;organoids;O_enas;4;16;2;2
Pat2_2_ENAS_rep5_exp;P2_2_O_enas_r5;2;2;organoids;O_enas;5;17;2;5
Pat3_2_ENAS_rep6_exp;P3_2_O_enas_r6;3;2;organoids;O_enas;6;18;2;8
Pat1_3_ENAS_rep7_exp;P1_3_O_enas_r7;1;3;organoids;O_enas;7;19;2;3
Pat2_3_ENAS_rep8_exp;P2_3_O_enas_r8;2;3;organoids;O_enas;8;20;2;6
Pat3_3_ENAS_rep9_exp;P3_3_O_enas_r9;3;3;organoids;O_enas;9;21;2;9
Pat1_1_O_CAF_rep1_exp;P1_1_O_caf_r1;1;1;organoids;O_caf;1;22;3;1
Pat2_1_O_CAF_rep2_exp;P2_1_O_caf_r2;2;1;organoids;O_caf;2;23;3;4
Pat3_1_O_CAF_rep3_exp;P3_1_O_caf_r3;3;1;organoids;O_caf;3;24;3;7
Pat1_2_O_CAF_rep4_exp;P1_2_O_caf_r4;1;2;organoids;O_caf;4;25;3;2
Pat2_2_O_CAF_rep5_exp;P2_2_O_caf_r5;2;2;organoids;O_caf;5;26;3;5
Pat3_2_O_CAF_rep6_exp;P3_2_O_caf_r6;3;2;organoids;O_caf;6;27;3;8
Pat1_3_O_CAF_rep7_exp;P1_3_O_caf_r7;1;3;organoids;O_caf;7;28;3;3
Pat2_3_O_CAF_rep8_exp;P2_3_O_caf_r8;2;3;organoids;O_caf;8;29;3;6
Pat3_3_O_CAF_rep9_exp;P3_3_O_caf_r9;3;3;organoids;O_caf;9;30;3;9
Pat1_1_O_NF_rep1_exp;P1_1_O_nf_r1;1;1;organoids;O_nf;1;31;4;1
Pat2_1_O_NF_rep2_exp;P2_1_O_nf_r2;2;1;organoids;O_nf;2;32;4;4
Pat3_1_O_NF_rep3_exp;P3_1_O_nf_r3;3;1;organoids;O_nf;3;33;4;7
Pat1_2_O_NF_rep4_exp;P1_2_O_nf_r4;1;2;organoids;O_nf;4;34;4;2
Pat2_2_O_NF_rep5_exp;P2_2_O_nf_r5;2;2;organoids;O_nf;5;35;4;5
Pat3_2_O_NF_rep6_exp;P3_2_O_nf_r6;3;2;organoids;O_nf;6;36;4;8
Pat1_3_O_NF_rep7_exp;P1_3_O_nf_r7;1;3;organoids;O_nf;7;37;4;3
Pat2_3_O_NF_rep8_exp;P2_3_O_nf_r8;2;3;organoids;O_nf;8;38;4;6
Pat3_3_O_NF_rep9_exp;P3_3_O_nf_r9;3;3;organoids;O_nf;9;39;4;9
Pat1_1_CAF_O_rep1_exp;P1_1_caf_O_r1;1;1;fibroblasts;caf_O;1;40;5;1
Pat2_1_CAF_O_rep2_exp;P2_1_caf_O_r2;2;1;fibroblasts;caf_O;2;41;5;4
Pat3_1_CAF_O_rep3_exp;P3_1_caf_O_r3;3;1;fibroblasts;caf_O;3;42;5;7
Pat1_2_CAF_O_rep4_exp;P1_2_caf_O_r4;1;2;fibroblasts;caf_O;4;43;5;2
Pat2_2_CAF_O_rep5_exp;P2_2_caf_O_r5;2;2;fibroblasts;caf_O;5;44;5;5
Pat3_2_CAF_O_rep6_exp;P3_2_caf_O_r6;3;2;fibroblasts;caf_O;6;45;5;8
Pat1_3_CAF_O_rep7_exp;P1_3_caf_O_r7;1;3;fibroblasts;caf_O;7;46;5;3
Pat2_3_CAF_O_rep8_exp;P2_3_caf_O_r8;2;3;fibroblasts;caf_O;8;47;5;6
Pat3_3_CAF_O_rep9_exp;P3_3_caf_O_r9;3;3;fibroblasts;caf_O;9;48;5;9
Pat1_1_NF_O_rep1_exp;P1_1_nf_O_r1;1;1;fibroblasts;nf_O;1;49;6;1
Pat2_1_NF_O_rep2_exp;P2_1_nf_O_r2;2;1;fibroblasts;nf_O;2;50;6;4
Pat3_1_NF_O_rep3_exp;P3_1_nf_O_r3;3;1;fibroblasts;nf_O;3;51;6;7
Pat1_2_NF_O_rep4_exp;P1_2_nf_O_r4;1;2;fibroblasts;nf_O;4;52;6;2
Pat2_2_NF_O_rep5_exp;P2_2_nf_O_r5;2;2;fibroblasts;nf_O;5;53;6;5
Pat3_2_NF_O_rep6_exp;P3_2_nf_O_r6;3;2;fibroblasts;nf_O;6;54;6;8
Pat1_3_NF_O_rep7_exp;P1_3_nf_O_r7;1;3;fibroblasts;nf_O;7;55;6;3
Pat2_3_NF_O_rep8_exp;P2_3_nf_O_r8;2;3;fibroblasts;nf_O;8;56;6;6
Pat3_3_NF_O_rep9_exp;P3_3_nf_O_r9;3;3;fibroblasts;nf_O;9;57;6;9
Pat1_1_CAF_rep1_exp;P1_1_caf_r1;1;1;fibroblasts;caf;1;58;7;1
Pat2_1_CAF_rep2_exp;P2_1_caf_r2;2;1;fibroblasts;caf;2;59;7;4
Pat3_1_CAF_rep3_exp;P3_1_caf_r3;3;1;fibroblasts;caf;3;60;7;7
Pat1_2_CAF_rep4_exp;P1_2_caf_r4;1;2;fibroblasts;caf;4;61;7;2
Pat2_2_CAF_rep5_exp;P2_2_caf_r5;2;2;fibroblasts;caf;5;62;7;5
Pat3_2_CAF_rep6_exp;P3_2_caf_r6;3;2;fibroblasts;caf;6;63;7;8
Pat1_3_CAF_rep7_exp;P1_3_caf_r7;1;3;fibroblasts;caf;7;64;7;3
Pat2_3_CAF_rep8_exp;P2_3_caf_r8;2;3;fibroblasts;caf;8;65;7;6
Pat3_3_CAF_rep9_exp;P3_3_caf_r9;3;3;fibroblasts;caf;9;66;7;9
Pat3_3_CAF_rep10_exp;P3_3_caf_r10;3;3;fibroblasts;caf;10;67;7;10
Pat1_1_NF_rep1_exp;P1_1_nf_r1;1;1;fibroblasts;nf;1;68;8;1
Pat2_1_NF_rep2_exp;P2_1_nf_r2;2;1;fibroblasts;nf;2;69;8;4
Pat3_1_NF_rep3_exp;P3_1_nf_r3;3;1;fibroblasts;nf;3;70;8;7
Pat1_2_NF_rep4_exp;P1_2_nf_r4;1;2;fibroblasts;nf;4;71;8;2
Pat2_2_NF_rep5_exp;P2_2_nf_r5;2;2;fibroblasts;nf;5;72;8;5
Pat3_2_NF_rep6_exp;P3_2_nf_r6;3;2;fibroblasts;nf;6;73;8;8
Pat1_3_NF_rep7_exp;P1_3_nf_r7;1;3;fibroblasts;nf;7;74;8;3
Pat2_3_NF_rep8_exp;P2_3_nf_r8;2;3;fibroblasts;nf;8;75;8;6
Pat3_3_NF_rep9_exp;P3_3_nf_r9;3;3;fibroblasts;nf;9;76;8;9
